AI Innovation Playbook - ROI Calculator Template,Instructions,Beginner,Intermediate,Advanced
SECTION 1: INVESTMENT COSTS,,,,
Category,Item,Monthly Cost,Annual Cost,Notes
Software,AI Tool 1,"$0","$0","Replace with actual cost"
Software,AI Tool 2,"$0","$0","Replace with actual cost"
Software,Integrations,"$0","$0","Zapier, Make, etc."
Software,Subtotal,"=SUM(C3:C5)","=SUM(D3:D5)"
Training,Initial Training,"$0","$0","One-time cost"
Training,Ongoing Learning,"$0","$0","Monthly training budget"
Training,Subtotal,"=SUM(C7:C8)","=SUM(D7:D8)"
Implementation,Setup Hours,"$0","$0","Hours × hourly rate"
Implementation,Integration Hours,"$0","$0","Hours × hourly rate"
Implementation,Subtotal,"=SUM(C10:C11)","=SUM(D10:D11)"
Maintenance,Monitoring Hours,"$0","$0","Ongoing time investment"
Maintenance,Optimization Hours,"$0","$0","Continuous improvement"
Maintenance,Subtotal,"=SUM(C13:C14)","=SUM(D13:D14)"
,,,,,
TOTAL INVESTMENT,"=SUM(C6,D9,D12,D15)","=SUM(C6,D9,D12,D15)","Annual total"
,,,,
SECTION 2: EFFICIENCY GAINS,,,,
Process,Before (Hours),After (Hours),Hourly Rate,Monthly Savings,Annual Savings
Content Creation,"0","0","$0","=((B19-C19)*E19*4.33)","=((B19-C19)*E19*4.33*12)"
Customer Support,"0","0","$0","=((B20-C20)*E20*4.33)","=((B20-C20)*E20*4.33*12)"
Data Entry,"0","0","$0","=((B21-C21)*E21*4.33)","=((B21-C21)*E21*4.33*12)"
Report Generation,"0","0","$0","=((B22-C22)*E22*4.33)","=((B22-C22)*E22*4.33*12)"
Research Tasks,"0","0","$0","=((B23-C23)*E23*4.33)","=((B23-C23)*E23*4.33*12)"
Communication,"0","0","$0","=((B24-C24)*E24*4.33)","=((B24-C24)*E24*4.33*12)"
,,,,
TOTAL EFFICIENCY SAVINGS,,,,"=SUM(F19:F24)","=SUM(G19:G24)"
,,,,
SECTION 3: REVENUE IMPACT,,,,
Revenue Source,Before (Monthly),After (Monthly),Increase,Annual Impact
Lead Generation,"$0","$0","=(C28-B28)","=((C28-B28)*12)"
Conversion Rate,"$0","$0","=(C29-B29)","=((C29-B29)*12)"
Customer Retention,"$0","$0","=(C30-B30)","=((C30-B30)*12)"
Cross-Sell/Up-sell,"$0","$0","=(C31-B31)","=((C31-B31)*12)"
New Product Sales,"$0","$0","=(C32-B32)","=((C32-B32)*12)"
,,,,
TOTAL REVENUE IMPACT,,,,"=SUM(D28:D32)","=SUM(E28:E32)"
,,,,
SECTION 4: QUALITY IMPROVEMENTS,,,,
Metric,Before,After,Impact,Value per Unit,Annual Value
Error Rate (%),"0","0","=(B36-C36)","$0","=((B36-C36)*D36*E36)"
Customer Satisfaction,"0","0","=(C37-B37)","$0","=((C37-B37)*D37*E37)"
Response Time (Hours),"0","0","=(B38-C38)","$0","=((B38-C38)*D38*E38)"
Compliance Issues,"0","0","=(B39-C39)","$0","=((B39-C39)*D39*E39)"
,,,,
TOTAL QUALITY VALUE,,,,"=SUM(F36:F39)"
,,,,
SECTION 5: STRATEGIC BENEFITS,,,,
Benefit,Description,Impact Level,Estimated Value
Competitive Advantage,"Market positioning",High,"$0"
Employee Satisfaction,"Retention and engagement",Medium,"$0"
Innovation Capacity,"Future growth",High,"$0"
Risk Reduction,"Mitigated risks",Medium,"$0"
Brand Reputation,"Market perception",Medium,"$0"
,,,,
TOTAL STRATEGIC VALUE,,,,"=SUM(D46:D50)"
,,,,
SUMMARY DASHBOARD,,,,
Total Investment,"=D17",,,
Total Returns,=G25+G33+G40+D51,,
,Breakdown:,,
Efficiency Savings,"=G25",,
Revenue Impact,"=G33",,
Quality Improvements,"=G40",,
Strategic Value,"=D51",,
,,,,
ROI CALCULATIONS,,,,
Net Return,"=(B53-B54)",,
ROI %,"=((B58-B54)/B54)*100","Format as percentage"
Payback Period (Months),"=B54/(B55/12)","
,,,,
Industry Benchmarks,,,,
Marketing Average,"300-500%",,
Sales Average,"400-600%",,
Customer Service Average,"500-800%",,
Operations Average,"200-400%",,
,,,,
TRACKER TEMPLATE,,,,
Metric,Month 1,Month 2,Month 3,Month 4,Month 5,Month 6,YTD Total
Investment - Tools,"$0","$0","$0","$0","$0","$0","=SUM(C71:H71)"
Investment - Training,"$0","$0","$0","$0","$0","$0","=SUM(C72:H72)"
Hours Saved,"0","0","0","0","0","0","=SUM(C73:H73)"
Value of Hours Saved,"$0","$0","$0","$0","$0","$0","=SUM(C74:H74)"
Errors Avoided,"0","0","0","0","0","0","=SUM(C75:H75)"
Additional Revenue,"$0","$0","$0","$0","$0","$0","=SUM(C76:H76)"
Monthly ROI,"0","0","0","0","0","0","AVERAGE of monthly ROIs"
,,,,
,,,,
INSTRUCTIONS,,,,
1. Setup,"Open in Excel or Google Sheets",,
2. Data Entry,"Replace $0 with actual numbers",,
3. Formulas,"All formulas are pre-built",,
4. Customization,"Add rows as needed for your use cases",,
5. Tracking,"Update monthly for accurate ROI",,
,,,,
NOTES,,,,
- Use Before/After measurements for accuracy,,
- Include all costs (tools, time, training),,
- Track consistently for at least 3 months,,
- Calculate ROI both monthly and annually,,
- Compare against industry benchmarks,,
